dbSNP ID,Germline classification
rs17227452,Benign
rs16966023,Benign
rs17233833,Benign
rs62704561,Benign
rs17233812,Benign
rs17227438,Likely benign
rs17227424,Benign
rs17227417,Benign
rs17233804,Benign
rs17233797,Benign
rs1230,Benign
rs1440013855,Likely benign
rs2151709620,Likely benign
rs749315540,Likely benign
rs2151709677,Likely benign
,Likely benign
,Likely benign
,Likely benign
rs746256466,Likely benign
rs374830555,Likely benign
rs149531696,Benign/Likely benign
rs371228419,Likely benign
rs1555532716,Likely benign
,Likely benign
,Likely benign
,Likely benign
rs199937973,Likely benign
rs568293451,Likely benign
,Likely benign
rs2151709848,Likely benign
,Likely benign
rs2151709886,Likely benign
,Likely pathogenic
rs748856769,Likely pathogenic
rs367630825,Likely benign
rs1598048898,Likely benign
rs2151709922,Likely benign
rs2151709956,Likely benign
rs764113707,Likely benign
rs753660236,Likely benign
rs915983602,Pathogenic/Likely pathogenic
rs915983602,Pathogenic
rs765478990,Pathogenic
rs2062032155,Likely benign
rs2151710015,Likely benign
rs372268907,Likely benign
rs368506826,Likely benign
rs2151710055,Likely benign
rs2062032586,Likely benign
,Likely benign
rs751989527,Likely benign
,Likely benign
,Likely benign
,Likely benign
rs781731674,Likely benign
,Likely benign
rs34602467,Likely benign
,Likely benign
rs1800359,Benign
rs1019949093,Likely benign
,Likely benign
,Likely benign
,Likely benign
rs2151710610,Likely benign
,Likely benign
rs1555532943,Likely pathogenic
rs1060501887,Likely pathogenic
rs984285795,Likely pathogenic
rs200284171,Likely benign
rs145148206,Likely benign
rs752333498,Likely benign
rs940187828,Pathogenic/Likely pathogenic
,Likely benign
rs745958661,Likely benign
,Likely benign
,Likely benign
rs368985041,Likely benign
rs370507983,Benign/Likely benign
rs2151710810,Pathogenic
rs1379441535,Likely benign
,Likely benign
,Likely benign
rs2151710848,Likely benign
rs149851163,Likely pathogenic
rs745882980,Pathogenic/Likely pathogenic
rs749574677,Pathogenic
rs780156946,Likely benign
,Likely benign
rs776860862,Likely benign
rs776860862,Likely benign
,Likely benign
,Pathogenic
rs2062047006,Pathogenic
rs1220672299,Pathogenic
rs775180524,Likely benign
rs2151710982,Likely benign
,Likely benign
,Likely benign
rs1235913738,Likely benign
rs1235253861,Likely benign
rs1235253861,Likely benign
rs2151711012,Likely benign
,Likely benign
rs2151711032,Likely benign
,Likely benign
rs191404781,Likely benign
,Likely benign
,Likely benign
,Likely benign
,Likely benign
rs2151711547,Likely benign
,Likely benign
rs772665586,Likely benign
,Likely pathogenic
,Likely pathogenic
rs1366841040,Likely benign
rs770551622,Likely benign
rs2062054135,Likely benign
rs2151711619,Likely benign
,Likely benign
rs1172262659,Likely benign
rs199599393,Pathogenic
,Likely benign
rs750839091,Likely benign
rs375237681,Likely benign
,Likely benign
,Likely benign
rs1336834251,Pathogenic/Likely pathogenic
rs775351812,Likely benign
rs1555533300,Pathogenic
rs764090579,Likely benign
rs1456500627,Pathogenic
,Likely benign
,Likely benign
,Likely benign
rs2151711931,Likely benign
rs1477796994,Likely benign
,Likely benign
,Likely benign
rs2062058480,Likely benign
rs755479861,Likely benign
rs755479861,Likely benign
rs17227396,Benign/Likely benign
rs17227389,Likely benign
rs745577614,Likely benign
rs775186188,Likely benign
,Likely benign
,Likely benign
rs2151712093,Likely benign
rs761988162,Pathogenic
rs761988162,Pathogenic/Likely pathogenic
rs372364590,Likely benign
,Likely benign
rs1463777596,Likely benign
,Likely benign
rs2151712130,Likely benign
,Likely benign
,Likely benign
rs2151712162,Likely benign
rs766594215,Likely benign
rs9282682,Benign
,Likely benign
rs978377623,Likely benign
rs1318852669,Likely benign
,Likely benign
,Likely benign
rs1339996571,Likely benign
,Likely benign
,Likely benign
,Likely benign
rs1383806921,Likely benign
rs1383806921,Likely benign
rs763049986,Likely benign
,Likely benign
rs2062067746,Pathogenic/Likely pathogenic
rs2062067810,Likely pathogenic
rs1268944859,Pathogenic
rs1278514199,Likely benign
,Likely benign
,Likely benign
rs917010763,Likely benign
rs9282681,Benign
,Pathogenic
rs2062069547,Pathogenic
,Likely benign
rs1446370085,Likely benign
rs182657062,Pathogenic/Likely pathogenic
rs1337959697,Likely benign
,Likely benign
rs541385700,Likely benign
,Likely benign
rs187297609,Likely benign
rs187297609,Likely benign
rs1439529670,Likely benign
rs1439529670,Likely benign
,Likely benign
rs941282193,Likely benign
rs941282193,Likely benign
,Likely benign
,Likely benign
,Likely benign
rs1555533693,Pathogenic
rs1555533693,Pathogenic/Likely pathogenic
rs1189106357,Pathogenic
rs1392135704,Likely benign
rs2062071481,Likely benign
rs9282680,Likely benign
rs9282680,Benign/Likely benign
rs2062071933,Likely benign
rs1061646,Benign
,Likely benign
rs1061647,Benign
,Likely benign
rs56216970,Likely benign
rs11647746,Benign
rs7195906,Benign
rs2151714503,Likely benign
,Likely benign
,Likely benign
,Likely benign
rs201323033,Likely benign
rs201323033,Likely benign
,Likely benign
rs771775516,Pathogenic/Likely pathogenic
,Likely pathogenic
rs2062087795,Likely pathogenic
rs2151714594,Likely benign
rs775127240,Likely benign
,Likely benign
rs2151714638,Likely benign
rs753700179,Pathogenic/Likely pathogenic
rs545021222,Likely benign
rs545021222,Likely benign
,Likely benign
rs2151714673,Likely benign
,Pathogenic
rs2151714696,Likely benign
rs17227361,Benign/Likely benign
rs1204611147,Likely benign
rs986710868,Pathogenic/Likely pathogenic
rs986710868,Pathogenic/Likely pathogenic
rs878934420,Likely benign
rs2062089414,Likely benign
rs780156842,Likely benign
,Likely benign
rs1227504086,Likely benign
rs17227354,Benign/Likely benign
rs761705192,Likely benign
rs138620653,Likely benign
,Likely benign
,Likely pathogenic
rs2151714851,Likely benign
rs2151714851,Likely benign
rs2151714870,Likely benign
rs2151714884,Likely benign
,Likely benign
rs2062090760,Pathogenic
rs2151714907,Likely benign
,Likely benign
,Likely benign
rs776077648,Likely benign
rs374510260,Likely benign
rs762916608,Likely benign
,Likely benign
rs11644967,Benign
rs11648689,Benign
rs17227347,Benign
rs11649162,Benign
,Likely benign
,Likely benign
rs900858198,Likely benign
,Likely benign
,Likely benign
,Likely benign
rs1443117288,Likely benign
rs1443117288,Likely benign
rs1432988639,Pathogenic
rs1432988639,Pathogenic/Likely pathogenic
rs1432988639,Pathogenic
,Pathogenic
rs1382340096,Likely benign
rs1382340096,Likely benign
,Likely benign
,Likely benign
,Likely benign
rs138144828,Likely benign
rs138144828,Likely benign
rs138144828,Likely benign
rs752800577,Pathogenic
,Likely benign
rs11649210,Benign
rs757641646,Likely benign
rs1449170388,Likely benign
rs1449170388,Likely benign
rs143982249,Likely benign
rs143772894,Likely benign
rs1010989878,Likely benign
,Likely benign
rs141128234,Likely benign
,Likely benign
rs2062115605,Pathogenic
rs2062115689,Likely benign
rs1402327994,Likely benign
,Likely benign
rs747616573,Likely benign
rs747616573,Likely benign
,Likely pathogenic
rs1219402916,Likely pathogenic
rs2151716900,Likely benign
,Likely benign
rs749085160,Likely benign
rs749085160,Likely benign
,Likely benign
,Likely benign
rs927937594,Likely benign
,Likely benign
rs17227326,Likely benign
rs11639788,Benign
rs34027607,Benign
rs34420680,Benign
,Likely benign
,Likely benign
,Likely benign
,Likely benign
rs745639466,Likely benign
rs745639466,Likely benign
,Likely benign
rs2143060169,Likely benign
,Likely benign
rs776827467,Likely pathogenic
,Likely pathogenic
rs2062169124,Pathogenic
rs2062169243,Pathogenic
rs375700263,Pathogenic
,Likely benign
,Pathogenic
rs752126515,Likely pathogenic
rs753316789,Pathogenic
rs2062169862,Likely benign
rs2062169927,Likely benign
rs542032916,Likely benign
,Pathogenic
rs762929756,Likely benign
rs1051421921,Likely benign
rs972127356,Likely benign
rs202107465,Likely benign
rs2062170339,Likely benign
,Pathogenic
rs368437504,Likely benign
rs776879032,Likely benign
rs371798854,Likely benign
rs563966600,Likely benign
rs563966600,Likely benign
rs144524132,Likely benign
rs1369764790,Likely benign
,Likely benign
rs2143062233,Pathogenic
rs187074190,Likely benign
rs780031277,Likely benign
rs780031277,Likely benign
rs781216012,Likely benign
rs751703958,Likely benign
rs2143062526,Likely benign
rs1800358,Benign
rs1351099497,Likely benign
,Likely benign
rs2062172011,Likely pathogenic
,Likely benign
,Likely benign
rs776001484,Likely benign
rs2062172440,Pathogenic
rs2062172440,Pathogenic
rs2062172483,Likely benign
rs2062172483,Likely benign
rs1417894512,Likely benign
rs1417894512,Likely benign
rs1161905441,Likely benign
rs77877981,Likely benign
,Likely benign
rs547300201,Likely benign
,Likely benign
,Likely benign
,Likely benign
,Likely benign
rs369154534,Likely benign
rs754751562,Likely benign
,Likely benign
,Likely benign
rs1567598547,Likely benign
rs17233706,Likely benign
rs2286393,Benign
rs2286392,Benign
rs12918575,Benign
rs9923733,Benign
rs17233623,Benign
,Likely benign
,Likely benign
rs375826280,Likely benign
rs2143086671,Likely benign
rs753929458,Likely benign
,Likely benign
,Likely pathogenic
rs34885858,Likely pathogenic
rs34885858,Likely pathogenic
rs1269626015,Likely benign
rs368349576,Likely benign
rs1313006784,Pathogenic/Likely pathogenic
rs762402959,Likely benign
rs770622823,Pathogenic
,Likely benign
,Pathogenic
rs2143087262,Likely benign
rs1240994313,Likely benign
rs935013716,Likely benign
rs1381684916,Likely pathogenic
,Likely benign
rs55773634,Likely benign
rs55773634,Benign/Likely benign
rs2143087368,Likely benign
rs1390620949,Pathogenic/Likely pathogenic
rs2143087454,Likely benign
rs1555536390,Likely pathogenic
rs2143087511,Likely benign
rs553086820,Benign
rs2062210802,Pathogenic
,Likely benign
rs781679210,Likely benign
rs1248260786,Likely benign
rs1185165443,Pathogenic
rs770393751,Pathogenic
rs774029286,Likely benign
rs774029286,Likely benign
,Likely benign
rs1336604242,Likely benign
rs1336604242,Likely benign
rs2143088159,Likely benign
rs372706571,Benign/Likely benign
rs1598067510,Likely benign
rs2038335485,Likely benign
,Likely benign
rs765106818,Likely benign
rs1598067532,Pathogenic
,Pathogenic
,Pathogenic
,Likely pathogenic
rs2143088468,Likely pathogenic
,Likely benign
rs2143088493,Likely benign
rs1018130831,Likely benign
rs2143088550,Likely benign
,Likely benign
rs2143088562,Likely benign
rs561558430,Likely benign
rs561558430,Likely benign
,Likely benign
,Likely benign
,Likely benign
,Likely benign
,Likely benign
,Likely benign
rs1183051961,Likely benign
rs2074904,Benign
rs35611562,Benign
rs2074903,Benign
rs62054601,Benign
rs4785718,Benign
rs62054602,Benign
rs62054603,Benign
rs12102297,Benign
rs45524337,Benign
rs138337622,Likely benign
rs34019730,Benign
rs17233595,Benign
,Likely benign
,Likely benign
,Likely benign
,Likely benign
,Likely benign
rs560352340,Benign
,Likely benign
,Likely benign
rs1431403785,Likely benign
rs1394337237,Likely benign
,Likely benign
rs2038397980,Likely benign
,Likely pathogenic
rs1188082371,Likely pathogenic
rs2038398296,Pathogenic
rs1211736375,Likely benign
rs371464360,Likely benign
rs371464360,Likely benign
rs371464360,Likely benign
rs2038398856,Pathogenic/Likely pathogenic
rs2143105878,Likely benign
,Likely benign
,Likely benign
rs2038399117,Likely pathogenic
rs545772434,Pathogenic/Likely pathogenic
rs746491969,Likely benign
rs768306527,Likely benign
rs983310870,Likely benign
,Likely pathogenic
,Pathogenic
rs2143106071,Likely benign
,Likely benign
rs2143106130,Likely benign
rs1057520822,Likely benign
,Likely benign
rs530619438,Likely benign
,Likely benign
rs1266179547,Likely benign
rs1266179547,Likely benign
rs369073173,Likely benign
rs2038400334,Likely benign
rs2038400468,Likely benign
,Likely benign
rs369765552,Benign/Likely benign
rs1376693764,Likely benign
,Likely benign
rs2143107000,Likely benign
rs138417003,Benign/Likely benign
,Likely pathogenic
rs2038401980,Likely benign
rs377428227,Likely benign
rs377428227,Likely benign
,Likely benign
rs2038402291,Likely benign
,Likely benign
,Likely benign
,Likely benign
,Likely benign
rs1340274026,Likely benign
rs762166434,Likely benign
,Likely benign
,Likely benign
rs1800355,Benign
rs886038247,Likely benign
rs17227191,Benign
,Likely benign
,Likely benign
rs373636902,Likely benign
,Likely benign
,Likely benign
rs377702890,Likely benign
rs377702890,Likely benign
,Likely benign
,Likely benign
,Likely benign
rs1567601557,Likely pathogenic
rs1567601557,Likely pathogenic
,Likely benign
,Likely benign
,Likely benign
,Likely benign
rs2143109062,Likely benign
,Likely pathogenic
rs574034197,Pathogenic/Likely pathogenic
rs373168838,Likely benign
rs2143109171,Likely benign
rs2038408351,Pathogenic
rs867468844,Likely benign
rs1439817346,Likely pathogenic
rs946344673,Likely benign
,Likely benign
,Likely benign
rs2143109313,Likely benign
,Likely benign
,Likely benign
rs771815968,Likely benign
rs2143109489,Likely benign
rs878853664,Likely benign
rs2038409656,Pathogenic
rs149277003,Pathogenic/Likely pathogenic
,Pathogenic
rs769862233,Pathogenic/Likely pathogenic
rs2038409874,Pathogenic
rs1055846604,Likely benign
,Likely benign
rs2143109726,Likely benign
rs1463228706,Likely benign
rs1463228706,Likely benign
,Likely benign
rs1248372954,Likely benign
,Likely benign
rs962847137,Likely benign
,Likely benign
rs377180908,Likely benign
rs17227170,Benign
rs11641147,Benign
rs8058895,Benign
rs2011877,Benign
rs2011877,Likely benign
rs1800348,Likely benign
rs374602648,Likely benign
,Likely benign
rs200217850,Likely benign
rs1800347,Benign/Likely benign
rs192934767,Likely benign
,Likely benign
,Likely benign
rs374973869,Likely benign
rs367624518,Likely benign
rs367624518,Likely benign
rs2143127104,Likely benign
rs571631071,Likely benign
rs571631071,Likely benign
,Likely benign
rs1343799019,Pathogenic
,Pathogenic
rs751266148,Pathogenic
,Likely benign
rs2143127277,Likely benign
rs1249462859,Likely benign
,Likely benign
rs752837228,Pathogenic
,Likely benign
rs2143127434,Likely benign
rs1276452090,Likely benign
,Likely pathogenic
,Likely benign
rs777825824,Pathogenic
,Pathogenic
,Pathogenic
rs1372873475,Likely benign
rs779268656,Likely benign
rs779268656,Likely benign
,Pathogenic
,Likely benign
rs2143127816,Likely benign
rs775799529,Pathogenic
rs761244757,Likely benign
rs575863400,Likely benign
,Likely benign
rs1450151864,Pathogenic
rs1450151864,Likely benign
rs762719233,Likely benign
rs536839082,Benign/Likely benign
rs1167053992,Likely benign
rs17233497,Benign
,Likely benign
rs139126509,Likely benign
,Pathogenic
,Likely benign
,Likely benign
rs1485904394,Likely benign
,Likely benign
rs753864057,Likely benign
rs753864057,Likely benign
rs2143128420,Likely benign
rs2038478071,Likely pathogenic
rs2038478110,Likely pathogenic
rs778933108,Likely benign
rs2143128494,Likely benign
,Likely benign
,Likely benign
,Likely benign
rs780439636,Likely benign
rs780439636,Likely benign
,Likely benign
,Likely benign
rs1800345,Benign
rs17227085,Benign
rs8043882,Benign
rs8044026,Benign
rs45524643,Benign
rs2038511531,Pathogenic
rs755548646,Likely benign
rs781742623,Likely benign
rs781742623,Likely benign
,Likely benign
,Likely benign
,Likely benign
,Likely benign
,Likely benign
rs200232122,Likely benign
,Likely benign
rs2038514547,Likely benign
rs2038514547,Likely benign
rs775293779,Likely benign
rs775293779,Likely benign
rs2143137762,Pathogenic
rs1555538571,Pathogenic
rs1555538571,Pathogenic/Likely pathogenic
rs764030196,Pathogenic
rs765285538,Likely benign
,Likely benign
rs751987951,Likely benign
rs575923160,Likely benign
rs755453758,Likely benign
rs753298211,Likely benign
,Likely benign
rs2143138181,Likely benign
,Likely benign
,Likely benign
rs17227071,Benign/Likely benign
,Likely benign
rs2143138336,Likely benign
rs768502785,Likely benign
rs776391208,Pathogenic
rs1166286386,Pathogenic
rs2038517320,Likely benign
rs2038517320,Likely benign
,Likely benign
rs2143138665,Likely benign
rs2143138665,Likely benign
rs373545111,Pathogenic
rs377633991,Likely benign
rs377633991,Likely benign
rs1429943036,Pathogenic/Likely pathogenic
rs753063086,Likely benign
rs753063086,Likely pathogenic
rs753063086,Pathogenic/Likely pathogenic
rs778275451,Likely benign
,Likely benign
rs373305027,Likely benign
rs1401723593,Likely benign
rs2143139115,Likely benign
rs1302242291,Likely benign
rs1302242291,Likely benign
,Likely benign
rs2038519770,Likely pathogenic
rs1172710952,Pathogenic
,Likely benign
rs2038519967,Likely benign
,Likely benign
rs978882053,Likely benign
rs1567603921,Likely benign
rs2143139529,Likely benign
rs55758861,Benign/Likely benign
rs759859528,Likely benign
rs1216824664,Likely benign
rs139289675,Likely benign
rs764351074,Likely benign
rs1270910813,Pathogenic
rs35402142,Likely benign
rs1555538740,Pathogenic
rs2038521694,Likely benign
rs1447648920,Likely benign
rs751033993,Likely benign
rs780769017,Likely benign
rs780769017,Likely benign
rs1567603987,Likely pathogenic
rs2038522097,Pathogenic
rs2143140176,Likely pathogenic
rs17227064,Benign
,Likely benign
rs1271317902,Likely benign
rs1379021525,Likely benign
rs1227291634,Likely benign
,Likely benign
rs1598077091,Likely benign
,Likely benign
rs1213920786,Likely benign
rs17227057,Benign
rs1800344,Benign
rs17233455,Benign
rs17233448,Benign
rs112307457,Benign
rs62054609,Benign
rs11646910,Benign
rs3743862,Benign
rs3743861,Benign
rs3743860,Benign
,Likely benign
,Likely benign
,Likely benign
rs199529426,Benign
,Likely benign
,Likely benign
rs2143163210,Likely benign
,Likely pathogenic
rs587783028,Likely pathogenic
rs587783028,Pathogenic/Likely pathogenic
rs2143163267,Pathogenic
rs2143163305,Likely benign
,Likely benign
,Likely benign
,Likely benign
,Likely benign
rs2038617235,Likely benign
rs142377616,Benign/Likely benign
rs2143163711,Likely benign
rs970239067,Likely benign
,Likely benign
rs2143163779,Likely benign
rs2038618125,Likely pathogenic
,Likely benign
rs1001303157,Likely benign
rs2038619241,Likely benign
rs2038619241,Likely benign
rs1393198725,Likely benign
,Likely pathogenic
rs758384536,Likely benign
,Likely benign
rs1598081370,Likely benign
rs1598081370,Likely benign
,Likely pathogenic
,Pathogenic
rs1555540076,Likely pathogenic
,Likely benign
rs55718325,Likely benign
rs55718325,Likely benign
rs763475096,Likely benign
,Likely benign
rs12931267,Benign
,Likely benign
rs2038628210,Pathogenic
rs12599846,Benign
rs17227022,Benign
,Likely benign
rs17233378,Likely benign
rs12709093,Benign
,Likely benign
,Likely benign
,Likely benign
,Likely benign
,Likely benign
rs1416505835,Likely benign
,Likely benign
,Likely benign
,Likely benign
rs2143223878,Likely benign
,Likely benign
,Likely benign
rs1555542860,Likely pathogenic
,Pathogenic
,Likely benign
rs2143224147,Likely benign
rs751495133,Likely benign
rs751495133,Likely benign
rs2143224238,Likely benign
,Likely benign
rs769418220,Likely benign
rs762638564,Likely benign
,Pathogenic
,Likely benign
,Likely benign
,Likely benign
rs1389873954,Likely benign
rs756241886,Likely benign
rs568354015,Likely benign
rs568354015,Likely benign
,Likely benign
rs17226980,Benign
rs1192724266,Pathogenic
,Likely benign
rs2143225154,Likely benign
rs2143225154,Likely benign
,Likely benign
rs1455455628,Likely benign
,Likely benign
rs369548782,Likely benign
,Likely benign
rs199916178,Likely benign
rs927630499,Pathogenic
,Likely benign
rs2038844292,Pathogenic
rs149112292,Likely benign
rs2038844790,Pathogenic
rs947311062,Pathogenic/Likely pathogenic
rs1289126600,Likely benign
rs1289126600,Likely benign
,Likely benign
,Likely benign
rs1432760258,Likely benign
,Likely benign
,Likely benign
rs1252724124,Likely benign
,Likely benign
rs17226973,Benign
rs17226966,Benign
,Likely benign
rs12933317,Benign
rs17233260,Likely benign
,Likely benign
,Likely benign
rs189890126,Likely benign
rs2143260317,Likely benign
rs763249422,Likely benign
,Likely benign
rs766875860,Likely pathogenic
rs755922289,Pathogenic/Likely pathogenic
rs755546887,Pathogenic/Likely pathogenic
rs2038967261,Likely pathogenic
rs570751234,Likely benign
rs2143260585,Likely benign
rs1555544202,Likely benign
rs745568821,Pathogenic
rs776686639,Likely benign
rs773381553,Likely benign
rs766643461,Pathogenic
rs2038968872,Pathogenic
rs1598096992,Likely benign
rs961319091,Likely benign
rs2038969261,Pathogenic
,Likely benign
rs2143261385,Likely pathogenic
rs753286882,Likely benign
rs17233253,Benign
,Likely benign
rs764825402,Likely benign
rs764825402,Likely benign
rs1434480162,Likely benign
rs185392597,Likely benign
rs185392597,Likely benign
,Likely benign
,Likely benign
,Likely benign
,Likely benign
,Likely benign
,Likely benign
,Likely benign
,Likely benign
rs758046281,Likely benign
rs17233239,Likely benign
rs17226841,Benign
rs17226834,Likely benign
rs6500441,Benign
rs368370420,Likely benign
rs767053728,Likely benign
,Likely benign
rs775047268,Likely benign
rs1211560919,Likely benign
rs1211560919,Likely benign
rs2143287939,Likely benign
rs374581674,Likely benign
rs1458001028,Pathogenic/Likely pathogenic
rs140180549,Pathogenic
rs140180549,Pathogenic
rs140180549,Pathogenic
rs879255255,Likely pathogenic
,Likely benign
rs1060501880,Pathogenic
rs755154360,Likely benign
rs781543214,Likely benign
rs781543214,Likely benign
rs1302083447,Pathogenic/Likely pathogenic
,Likely benign
,Likely benign
rs749774911,Likely benign
,Likely benign
rs2039075542,Pathogenic
,Likely benign
rs775013707,Likely benign
rs2039076227,Pathogenic
,Pathogenic
rs1354272260,Pathogenic
rs2143288685,Likely benign
rs755783870,Likely benign
rs755783870,Likely benign
rs142393744,Likely benign
rs2143288874,Pathogenic
rs2039077331,Pathogenic
rs756478412,Likely benign
rs756478412,Likely benign
rs1419813684,Likely benign
,Likely benign
rs145941808,Likely benign
,Likely benign
rs1487360770,Pathogenic
,Likely benign
,Likely benign
rs879255256,Likely benign
rs2039078843,Pathogenic
,Likely benign
rs375919830,Pathogenic
rs2143289424,Likely benign
rs1017086086,Likely pathogenic
rs368987148,Likely benign
rs368987148,Likely benign
,Likely benign
rs780114543,Likely pathogenic
,Likely benign
rs532032511,Likely benign
rs532032511,Likely benign
rs201160735,Likely benign
rs780825099,Pathogenic/Likely pathogenic
,Likely pathogenic
,Likely pathogenic
rs747823528,Pathogenic/Likely pathogenic
rs747823528,Pathogenic
rs1555545592,Pathogenic/Likely pathogenic
rs1555545592,Pathogenic
,Likely benign
rs1406509004,Likely benign
rs899604473,Likely benign
,Likely benign
,Likely benign
,Likely benign
rs762865666,Likely benign
,Likely benign
,Likely benign
rs774316884,Likely benign
rs17233225,Likely benign
rs17233225,Benign/Likely benign
rs752731568,Likely benign
rs2159116,Benign
rs11076620,Benign
rs12600151,Benign
rs12600047,Benign
rs17226792,Likely benign
,Likely benign
rs557565599,Likely benign
,Likely benign
rs748995903,Likely benign
,Likely benign
rs373423046,Likely benign
,Likely benign
rs745601855,Likely benign
,Likely benign
rs775561931,Likely benign
rs1188581065,Pathogenic/Likely pathogenic
rs765499572,Likely benign
rs1852141936,Likely benign
rs17233141,Benign/Likely benign
,Likely benign
,Pathogenic
,Likely benign
rs752160950,Pathogenic/Likely pathogenic
rs761469030,Pathogenic
rs1406289451,Pathogenic
rs755395838,Likely benign
,Likely benign
rs1362752790,Likely benign
rs1173704265,Pathogenic/Likely pathogenic
rs778591541,Likely benign
rs1247378731,Pathogenic
rs1247378731,Likely benign
rs1247378731,Pathogenic/Likely pathogenic
rs374030577,Pathogenic
rs1325322271,Likely benign
,Likely benign
rs1216922486,Pathogenic
,Likely benign
rs1438990537,Likely pathogenic
,Likely pathogenic
,Likely benign
rs768436599,Likely benign
rs374909752,Likely benign
rs2143308956,Likely benign
rs2143308956,Likely benign
rs2143308956,Likely benign
rs1271668667,Likely benign
,Likely benign
,Likely benign
,Likely benign
rs750140062,Likely benign
rs17233134,Likely benign
rs7203907,Benign
rs6500443,Benign
rs17233050,Likely benign
rs2039254077,Pathogenic
,Likely benign
,Likely benign
,Likely benign
,Likely benign
rs1299971836,Likely benign
,Likely benign
rs770043372,Likely benign
rs529177917,Likely benign
rs1212871121,Likely benign
rs2039260502,Pathogenic
rs2039260545,Likely pathogenic
rs770993950,Likely benign
rs770993950,Likely benign
rs2039260856,Pathogenic/Likely pathogenic
rs2039260982,Likely benign
rs772477788,Likely pathogenic
rs776013293,Likely benign
,Likely benign
rs749895479,Likely benign
rs147283549,Benign/Likely benign
rs2039261844,Likely benign
rs2039261844,Likely pathogenic
,Likely benign
,Likely benign
rs2143331866,Likely benign
,Likely benign
,Likely benign
rs781019889,Likely benign
rs1216645940,Likely benign
rs2143332088,Likely benign
rs1307805145,Pathogenic
rs752705496,Likely benign
rs1489533103,Likely benign
,Likely benign
rs2143332287,Likely benign
,Likely benign
rs7195066,Benign/Likely benign
,Likely benign
rs1598110129,Likely benign
rs2143332765,Likely benign
,Likely benign
rs969366978,Likely benign
rs1555547474,Pathogenic
rs2143332878,Likely benign
rs765883419,Likely benign
,Likely benign
rs147882314,Benign/Likely benign
rs767455904,Likely benign
rs767455904,Likely benign
rs1223394099,Likely benign
rs756138062,Likely benign
rs541949982,Likely benign
rs753818673,Likely benign
rs149754397,Likely benign
rs149754397,Benign/Likely benign
rs1036897594,Pathogenic
rs2143333278,Likely benign
,Likely benign
rs935069258,Pathogenic
,Likely benign
,Likely benign
,Likely benign
rs1308389715,Likely benign
rs2143333727,Likely benign
rs527300192,Likely benign
rs545765795,Likely benign
rs931091451,Likely benign
rs1230207719,Likely pathogenic
rs1230207719,Likely pathogenic
rs1567618264,Pathogenic
,Likely benign
rs775272801,Likely benign
rs760617819,Likely benign
rs763945801,Likely benign
rs753766357,Likely benign
,Likely benign
rs757166295,Likely benign
,Likely benign
,Likely benign
,Likely benign
,Likely benign
,Likely benign
rs7200990,Benign
rs1800343,Likely benign
rs1421219472,Likely benign
,Likely benign
,Likely benign
,Likely benign
,Likely benign
rs779657463,Likely benign
rs776301232,Likely benign
rs1366206489,Likely benign
rs2039275333,Pathogenic
rs761725308,Pathogenic
,Likely benign
rs1226177820,Likely benign
,Likely benign
rs947786901,Pathogenic
rs1193622990,Likely benign
rs56267906,Benign/Likely benign
rs751572448,Pathogenic
rs2143335900,Likely benign
rs1419118181,Likely benign
,Likely benign
rs2039276663,Pathogenic
rs1598110765,Likely benign
rs370053960,Likely benign
rs2143336151,Likely benign
,Likely benign
rs1345505146,Likely benign
,Likely benign
rs772842754,Likely benign
,Likely benign
rs575108446,Benign/Likely benign
rs1338018512,Likely pathogenic
,Likely benign
rs1336946372,Likely benign
rs1239354393,Pathogenic
rs1255001518,Likely benign
rs2039278966,Pathogenic
,Likely benign
rs1598110961,Likely benign
,Likely benign
rs775834091,Likely benign
,Likely benign
rs886952,Benign
rs886951,Benign
rs886950,Benign
rs1800341,Benign
,Likely benign
rs755657610,Likely benign
,Likely benign
,Likely benign
rs368973617,Likely benign
rs368973617,Likely benign
rs2143339468,Likely benign
,Likely benign
,Likely benign
,Likely benign
rs770711287,Likely benign
rs774316742,Likely benign
rs774316742,Likely benign
rs775388912,Likely pathogenic
rs775388912,Pathogenic/Likely pathogenic
rs775388912,Likely pathogenic
,Likely benign
rs764163027,Likely benign
rs45441106,Benign/Likely benign
,Likely benign
,Likely benign
rs755638734,Likely benign
rs2143339774,Likely benign
,Likely benign
rs757095786,Likely benign
rs2143339914,Likely benign
,Likely benign
rs745845683,Likely benign
rs2039289431,Pathogenic
rs771833978,Likely benign
,Likely benign
rs768851944,Likely benign
rs768851944,Likely benign
rs2039290343,Pathogenic
,Likely benign
rs2039290580,Likely benign
,Likely benign
rs2143340191,Likely benign
,Likely pathogenic
,Likely benign
,Likely benign
rs763531092,Likely benign
rs1285658774,Likely benign
rs1285658774,Likely benign
rs557705265,Benign
,Likely benign
,Likely benign
,Likely benign
rs760146323,Likely benign
,Likely benign
rs200403206,Benign/Likely benign
rs7199740,Likely benign
rs11645240,Benign
rs11076621,Benign
rs11076622,Benign
rs374555419,Likely benign
,Likely benign
rs554897273,Likely benign
,Likely benign
rs2039329782,Likely benign
,Likely benign
rs1800340,Benign
rs937874201,Likely pathogenic
rs1555548428,Pathogenic
rs1131660,Benign/Likely benign
,Likely benign
rs781436006,Pathogenic
rs1387853957,Likely benign
,Likely benign
,Likely benign
,Likely benign
rs771226546,Likely benign
rs771226546,Likely benign
rs201668358,Likely benign
rs544923702,Likely benign
rs1158246204,Likely benign
rs371458363,Likely benign
rs1555548512,Pathogenic/Likely pathogenic
,Likely benign
,Likely benign
rs777863668,Likely benign
rs150917432,Likely benign
rs746285925,Likely benign
,Likely benign
rs2143350973,Likely benign
rs2143351022,Likely benign
,Likely benign
rs1183781456,Pathogenic
,Likely benign
rs562025330,Likely benign
rs762526878,Likely pathogenic
,Likely benign
rs2143351424,Likely benign
rs2143351424,Likely benign
rs2039336156,Likely benign
rs1448463647,Pathogenic/Likely pathogenic
rs371997754,Likely benign
rs17232973,Pathogenic/Likely pathogenic
rs17232973,Benign/Likely benign
rs1555548632,Likely pathogenic
rs1555548632,Likely pathogenic
rs2143351760,Likely pathogenic
,Likely benign
rs373954227,Likely benign
,Likely benign
rs747546976,Likely benign
rs2143351892,Likely benign
rs769141220,Likely benign
rs2039337410,Likely benign
rs17226575,Likely benign
rs17226568,Likely benign
rs1007932,Benign
rs1800339,Benign
,Likely benign
rs376320049,Likely benign
rs758580921,Likely benign
,Likely benign
,Likely benign
rs1567620967,Likely benign
,Likely benign
,Likely pathogenic
rs1598116164,Likely pathogenic
,Likely benign
rs1335322113,Likely benign
rs2039386741,Pathogenic
,Likely benign
,Likely benign
,Likely benign
rs568935135,Likely benign
rs568935135,Likely benign
rs1060501878,Pathogenic
,Likely benign
rs1567621042,Pathogenic
,Likely benign
,Likely pathogenic
rs1343452026,Likely benign
rs889618840,Likely benign
,Likely benign
,Likely benign
rs368643963,Likely benign
rs368643963,Likely benign
,Likely pathogenic
rs140785340,Likely pathogenic
,Likely benign
,Likely benign
,Likely benign
rs17232917,Benign
rs1429790431,Likely benign
rs2143367365,Likely benign
rs2143367365,Likely benign
rs1598116392,Likely benign
rs1360940645,Likely benign
rs34592408,Benign
rs17232910,Benign
rs2039390337,Likely benign
,Likely benign
rs2143367561,Likely benign
rs2039390557,Likely benign
rs2143367693,Likely pathogenic
rs914305609,Likely benign
rs1485075318,Likely pathogenic
rs1555549535,Likely pathogenic
rs1060504375,Likely benign
,Likely benign
rs1449605030,Likely benign
rs766654290,Likely benign
,Likely benign
,Likely benign
rs373785724,Likely benign
rs17226519,Benign
rs17226512,Benign
rs4785721,Benign
,Likely benign
rs138562629,Likely benign
rs3785275,Benign
rs17226456,Likely benign
,Likely benign
rs757981356,Likely benign
,Likely benign
,Likely benign
,Likely benign
,Likely benign
rs1225612280,Likely benign
,Likely benign
,Likely benign
rs377401016,Likely benign
rs1598120768,Likely pathogenic
rs1598120768,Likely pathogenic
rs776251919,Likely benign
rs199599499,Benign/Likely benign
,Likely pathogenic
rs769662954,Likely benign
,Likely benign
rs571449307,Likely benign
rs571449307,Likely benign
,Likely benign
,Pathogenic
,Likely benign
,Likely benign
rs1041601770,Likely benign
,Likely benign
rs754522096,Likely benign
rs747994845,Pathogenic
rs747994845,Likely benign
,Likely benign
rs2143393205,Likely benign
rs2143393232,Likely benign
rs1490141721,Likely benign
rs769546891,Likely benign
rs769546891,Likely benign
rs1598120925,Likely benign
rs1598120925,Likely benign
rs749173228,Likely benign
rs1800338,Benign/Likely benign
rs555449842,Pathogenic
rs2143393518,Pathogenic/Likely pathogenic
rs775772634,Likely benign
rs775772634,Likely benign
rs1378971647,Likely benign
rs2143393607,Likely benign
,Likely benign
,Likely benign
,Likely benign
rs370677007,Likely benign
,Likely benign
rs1558184,Benign
rs17232840,Benign
rs7187436,Benign
rs11642010,Benign
,Likely benign
,Likely benign
,Likely benign
,Likely benign
rs1800337,Benign
rs183513839,Likely benign
rs183513839,Benign/Likely benign
,Likely benign
,Likely benign
,Likely benign
,Likely pathogenic
rs2039603867,Likely pathogenic
rs938278864,Likely pathogenic
rs2143422265,Likely benign
rs2143422308,Likely benign
,Likely benign
rs773613283,Likely benign
rs1336095406,Likely benign
rs550064744,Likely benign
rs550064744,Likely benign
rs550064744,Likely benign
rs757053400,Likely benign
rs2039605171,Likely benign
rs2039605171,Likely benign
rs2039605345,Pathogenic
,Likely benign
,Likely benign
rs1016801509,Likely benign
rs1016801509,Likely benign
rs755104393,Likely pathogenic
rs2143422990,Likely pathogenic
rs1422606508,Likely benign
rs375148599,Likely benign
rs781605892,Likely benign
rs781605892,Likely benign
,Likely benign
rs368496868,Likely benign
rs371919426,Likely benign
,Likely benign
,Likely benign
,Likely benign
rs2302162,Benign
,Likely benign
,Likely benign
rs376346254,Likely benign
rs371272310,Likely benign
rs371272310,Likely benign
rs377308050,Likely benign
rs767506133,Likely benign
rs752878349,Likely benign
rs752878349,Likely benign
rs2143423903,Likely benign
rs756140957,Pathogenic/Likely pathogenic
rs2143423976,Likely benign
rs753980264,Pathogenic
,Likely benign
rs765437064,Likely benign
rs765437064,Likely benign
,Likely benign
rs144704750,Likely benign
rs144704750,Likely benign
rs2039611137,Likely benign
,Likely benign
rs2039611416,Likely benign
rs1400163791,Likely benign
,Pathogenic
rs770851966,Likely benign
rs551108542,Likely benign
,Likely benign
,Likely pathogenic
rs2143424712,Likely pathogenic
,Likely benign
,Likely benign
,Likely benign
,Likely benign
,Likely benign
rs942124383,Likely benign
rs942124383,Likely benign
,Likely benign
rs372263763,Likely benign
rs367726674,Likely benign
rs2302161,Likely benign
rs17226351,Likely benign
rs3743859,Benign
rs17232756,Benign
rs17232749,Likely benign
rs1800335,Benign
rs752140435,Likely benign
rs755381554,Likely benign
rs755381554,Likely benign
,Likely benign
,Likely benign
,Likely benign
,Likely pathogenic
rs1555552506,Likely pathogenic
rs17226344,Likely benign
,Likely benign
rs914213734,Likely benign
rs745466726,Likely benign
rs745466726,Likely benign
,Likely benign
rs139181196,Likely benign
rs1176095983,Likely benign
rs773446807,Likely benign
,Likely benign
rs1457207387,Likely benign
,Likely benign
rs143451067,Benign/Likely benign
rs2143432638,Likely benign
,Likely benign
,Likely benign
rs757932868,Likely benign
rs1235279691,Likely benign
,Likely benign
,Likely pathogenic
,Likely benign
rs779745863,Pathogenic
rs2143433021,Likely benign
rs2039644862,Pathogenic
rs2143433058,Likely pathogenic
,Likely benign
rs201163548,Likely benign
rs1208978768,Likely benign
,Likely benign
,Likely benign
,Likely benign
rs372205127,Likely benign
,Likely benign
rs779706968,Likely benign
,Likely benign
,Likely benign
,Likely benign
rs2039645766,Likely benign
rs17226337,Benign
rs142972042,Likely benign
rs17232735,Benign
rs1800334,Likely benign
,Likely benign
,Likely benign
,Likely benign
rs777619836,Likely benign
rs1800333,Likely benign
rs1800333,Benign/Likely benign
rs886038246,Likely benign
,Likely benign
rs1341742486,Likely benign
rs746097975,Likely benign
rs1200375986,Likely benign
,Likely benign
rs747421581,Likely benign
,Likely benign
rs769047348,Pathogenic/Likely pathogenic
,Likely benign
rs762342197,Pathogenic
rs762342197,Likely benign
rs773856680,Likely benign
rs1300063021,Likely benign
rs1300063021,Likely benign
rs2039768709,Likely pathogenic
rs1244511322,Likely benign
rs2143459307,Likely benign
,Pathogenic
,Likely benign
rs1464032361,Pathogenic/Likely pathogenic
rs1464032361,Likely pathogenic
rs1391630461,Likely benign
rs377706883,Likely benign
rs780475585,Likely benign
,Likely benign
rs2143459544,Likely benign
,Likely benign
rs748616829,Likely benign
,Likely benign
rs771520715,Likely benign
rs775154397,Likely pathogenic
,Likely benign
rs2143460183,Likely benign
,Likely benign
,Likely benign
,Likely benign
,Likely benign
,Likely benign
rs774919321,Likely benign
rs774919321,Likely benign
rs1045659143,Likely benign
rs2039773398,Pathogenic
,Likely pathogenic
,Likely pathogenic
rs995956285,Likely benign
rs765079866,Likely benign
rs962460972,Likely benign
rs962460972,Likely benign
rs144118098,Benign/Likely benign
rs766580461,Likely benign
,Likely benign
rs2039775150,Likely benign
rs781524409,Likely benign
,Likely benign
rs1298473070,Likely benign
rs1598136954,Likely pathogenic
rs1598136954,Likely benign
,Likely benign
rs2239359,Benign
rs139276494,Likely benign
,Likely benign
rs747718961,Likely benign
,Likely benign
rs979593313,Likely benign
rs1057521855,Likely pathogenic
rs773084743,Likely benign
,Likely benign
,Likely benign
rs1431996844,Likely benign
,Likely benign
,Likely benign
rs2039777078,Pathogenic
rs1035775047,Likely benign
rs374717514,Likely benign
rs990892001,Likely benign
,Likely benign
rs764284226,Likely benign
,Likely benign
rs1450990297,Likely benign
rs750970650,Likely benign
,Likely benign
rs374579239,Likely benign
rs374579239,Likely benign
rs2239360,Benign
rs12448860,Benign
rs12928089,Benign
rs12929129,Benign
rs11649501,Benign
rs11649510,Benign
rs16966142,Benign
rs17232630,Benign
rs17232623,Likely benign
,Likely benign
rs2039843549,Likely benign
rs929828617,Likely benign
,Likely benign
,Likely benign
rs2039844134,Pathogenic/Likely pathogenic
rs1555556175,Pathogenic
rs1555556175,Likely pathogenic
rs2039844218,Pathogenic
rs1266348463,Pathogenic/Likely pathogenic
,Likely benign
rs2039844441,Pathogenic
rs770851522,Likely benign
rs770851522,Likely benign
,Likely benign
,Likely benign
rs2039845162,Likely pathogenic
,Likely benign
,Likely benign
rs1401053307,Likely benign
rs1401053307,Likely benign
rs2143476678,Likely benign
,Likely benign
,Likely benign
rs1432415523,Pathogenic
,Likely benign
rs1330646289,Likely benign
rs1337670144,Likely benign
rs750815711,Likely benign
,Likely benign
rs201561753,Likely benign
,Likely benign
rs2143476857,Likely benign
rs1325894062,Likely benign
rs2143477008,Likely benign
rs2143477008,Likely benign
rs756913331,Likely benign
rs2143477066,Likely benign
,Likely benign
,Likely benign
rs1035276734,Likely benign
rs1438828232,Likely benign
rs1438828232,Pathogenic
,Likely benign
rs369988875,Likely benign
rs369988875,Likely benign
,Likely pathogenic
rs897548553,Likely benign
,Likely pathogenic
rs746911316,Likely benign
rs2143477318,Likely benign
rs17232616,Benign
rs1407800718,Likely benign
,Likely benign
rs150836356,Benign/Likely benign
rs951725614,Likely benign
,Likely benign
rs773560865,Likely benign
,Likely benign
,Likely benign
rs766723015,Likely benign
rs17226232,Benign
rs7202091,Benign
rs8045232,Benign
rs1057042,Benign
rs17232609,Likely benign
rs8049660,Benign
,Likely benign
,Likely benign
,Likely benign
rs200016746,Likely benign
rs200016746,Likely benign
rs754740338,Likely benign
,Likely benign
rs34159559,Likely benign
rs34159559,Benign/Likely benign
rs375487246,Likely benign
rs375487246,Likely benign
,Likely benign
rs749311482,Likely benign
rs1555561294,Pathogenic
,Likely benign
rs2143525603,Pathogenic
,Likely pathogenic
rs1199670660,Pathogenic
rs769203048,Pathogenic
rs895188167,Likely benign
rs149551759,Pathogenic
,Likely benign
,Likely benign
,Likely benign
rs377705748,Likely benign
rs377705748,Likely benign
,Likely benign
,Likely benign
,Likely benign
rs1377621197,Likely benign
rs2040073991,Pathogenic
,Likely benign
rs2143525963,Likely benign
rs2143525993,Likely benign
rs1316078638,Likely pathogenic
rs2040074214,Pathogenic/Likely pathogenic
rs756132296,Likely benign
rs1060501879,Likely pathogenic
rs1060501879,Pathogenic/Likely pathogenic
rs148473140,Pathogenic/Likely pathogenic
,Likely benign
,Likely benign
rs1232228823,Likely benign
rs1800332,Likely benign
rs1800332,Benign/Likely benign
rs780409039,Likely benign
,Likely benign
,Likely benign
,Likely benign
,Likely benign
rs774026652,Pathogenic/Likely pathogenic
,Likely benign
,Likely pathogenic
rs764140346,Likely benign
rs757442919,Likely benign
rs371993688,Likely benign
rs11646374,Benign/Likely benign
rs781735964,Likely benign
rs139944072,Likely benign
rs1417768931,Pathogenic
,Likely pathogenic
rs773906241,Pathogenic/Likely pathogenic
,Likely benign
rs200953509,Likely benign
rs200953509,Likely benign
,Likely benign
rs1800330,Benign
rs6500450,Benign
rs6500451,Benign
,Likely benign
rs199534742,Likely benign
rs199534742,Benign
,Likely benign
,Likely benign
,Likely benign
rs201201281,Likely benign
rs201201281,Likely benign
rs200672872,Likely benign
rs200008791,Likely benign
,Likely pathogenic
,Likely pathogenic
,Likely pathogenic
rs780963734,Likely benign
rs780963734,Likely benign
rs2040089994,Pathogenic
rs2040090132,Likely benign
,Likely benign
rs1280130060,Pathogenic/Likely pathogenic
,Pathogenic
,Likely benign
rs1180493781,Likely benign
rs1158857420,Likely benign
rs1158857420,Likely benign
,Likely benign
,Likely benign
rs2143529838,Likely benign
,Likely benign
rs2040091412,Likely benign
rs2040091412,Likely benign
,Likely benign
rs2143529917,Likely benign
,Likely benign
,Likely pathogenic
rs2040091746,Likely pathogenic
,Pathogenic
rs752864343,Pathogenic/Likely pathogenic
,Likely benign
,Likely benign
,Likely benign
rs781015145,Likely benign
rs769718381,Pathogenic
rs1800331,Benign
rs2143530276,Likely benign
rs372829977,Likely benign
rs969577700,Likely benign
,Pathogenic
rs2040093515,Likely benign
rs2143530454,Likely benign
,Likely benign
,Likely benign
,Likely benign
rs1598152908,Likely benign
,Likely benign
rs2143530797,Likely benign
rs2143530829,Likely benign
rs2040094645,Pathogenic
,Likely pathogenic
rs2040094761,Pathogenic
rs543350684,Likely benign
,Likely benign
rs1466884693,Likely benign
,Likely benign
rs369884743,Likely benign
,Likely benign
rs2143531033,Likely benign
rs1267858023,Likely benign
,Likely benign
,Likely benign
rs368730853,Likely benign
,Likely benign
rs6500452,Benign
rs1800287,Benign
rs147784669,Likely benign
rs74033878,Likely benign
rs6500453,Benign
rs7196411,Benign
rs146920936,Likely benign
rs17226159,Benign
,Likely benign
,Likely benign
,Likely benign
rs2143534130,Likely benign
rs1312747816,Likely benign
,Likely benign
,Likely pathogenic
,Likely benign
,Likely benign
rs2040108827,Likely benign
,Likely benign
rs1045404649,Pathogenic
rs748337423,Likely benign
rs1249860808,Likely benign
rs773687142,Pathogenic
rs773687142,Likely pathogenic
rs1161525939,Likely benign
rs1161525939,Likely benign
rs1161525939,Likely benign
,Likely benign
,Likely benign
rs373366147,Likely benign
,Likely benign
rs563820871,Likely benign
,Likely benign
,Likely benign
rs144900606,Benign/Likely benign
,Likely benign
,Pathogenic
,Likely pathogenic
rs1044759612,Likely benign
rs779989777,Likely benign
rs755018069,Pathogenic
rs2143534746,Likely benign
,Likely benign
,Likely benign
rs1460026241,Likely benign
,Pathogenic
rs2040110878,Pathogenic/Likely pathogenic
,Likely benign
rs770125368,Likely benign
rs770125368,Likely benign
,Likely benign
,Likely benign
rs2040111171,Likely benign
rs2040111171,Likely benign
,Likely benign
,Likely benign
rs760059831,Benign/Likely benign
,Likely benign
rs3856,Benign
rs17232533,Benign
rs75682340,Likely benign
rs186677967,Likely benign
rs17232526,Likely benign
rs189906905,Likely benign
rs17226138,Likely benign
rs8051231,Benign
rs17226082,Benign
rs17226075,Benign
,Likely benign
rs371384565,Likely benign
,Likely benign
,Likely benign
rs762536802,Likely benign
rs762536802,Likely benign
,Likely pathogenic
rs1555564436,Likely pathogenic
rs1405549284,Likely benign
,Likely benign
rs1358267888,Likely benign
rs1358267888,Likely benign
,Likely benign
rs1413024545,Likely benign
,Likely benign
rs1045997042,Likely benign
rs907022035,Likely benign
,Likely pathogenic
rs1484944856,Likely benign
rs747408661,Likely benign
,Likely benign
rs17226068,Likely benign
rs17226068,Likely benign
,Likely benign
,Likely benign
rs767146506,Likely benign
rs775506986,Likely benign
rs760583815,Likely benign
rs75501942,Benign/Likely benign
,Likely benign
rs780226614,Likely benign
rs143255238,Likely benign
rs143255238,Likely benign
rs199634699,Likely benign
,Likely benign
rs774054025,Likely benign
rs2143558882,Likely benign
,Likely benign
rs56062548,Benign/Likely benign
rs765341703,Likely benign
rs2040234338,Pathogenic
rs976556567,Pathogenic/Likely pathogenic
rs1275962279,Likely benign
rs11648881,Likely benign
rs11648881,Benign
rs376093765,Likely benign
rs751912856,Likely benign
,Likely benign
rs753166995,Likely benign
,Likely benign
,Likely benign
,Likely benign
,Likely benign
rs1475016373,Likely benign
rs17232463,Likely benign
rs73266600,Likely benign
rs1174586234,Pathogenic
rs17226033,Likely benign
rs10852623,Benign
rs17226026,Likely benign
rs45446001,Likely benign
,Likely benign
,Likely benign
,Likely benign
,Likely benign
,Likely benign
rs1313828842,Likely benign
,Likely benign
,Likely benign
rs2040352785,Pathogenic
,Likely pathogenic
rs2040352832,Pathogenic
rs1210939756,Likely benign
rs942855447,Likely benign
rs754520622,Likely benign
rs527897404,Likely benign
rs1463784702,Likely benign
rs148100796,Pathogenic
rs2143581361,Likely benign
rs1291524243,Pathogenic/Likely pathogenic
rs762079136,Likely benign
,Likely benign
,Likely benign
rs773050347,Likely benign
,Likely pathogenic
rs753728435,Pathogenic/Likely pathogenic
rs753728435,Likely pathogenic
,Likely benign
rs751311949,Likely benign
rs756991336,Likely benign
rs756991336,Likely benign
rs2143581941,Likely benign
,Likely benign
,Likely benign
,Likely benign
rs758496205,Likely benign
rs1483669797,Likely benign
,Likely benign
rs150197645,Likely benign
,Likely benign
,Likely benign
,Likely benign
,Likely benign
,Likely benign
rs34240625,Likely benign
,Likely benign
rs536052530,Benign
rs2143584994,Likely benign
rs2143584994,Likely benign
rs774666675,Likely benign
rs2040370137,Likely benign
,Pathogenic
rs372163487,Pathogenic/Likely pathogenic
,Likely benign
rs766352671,Likely benign
,Likely benign
rs55660936,Likely benign
,Likely benign
rs767444643,Likely benign
rs7190823,Benign
rs1567642367,Pathogenic
rs1567642367,Pathogenic
,Likely pathogenic
,Likely pathogenic
rs2040372065,Pathogenic
,Likely benign
rs1461529538,Likely benign
rs1159861002,Likely benign
rs368979136,Likely benign
rs368979136,Likely benign
rs1030329914,Likely benign
rs746312984,Likely benign
rs772612378,Likely benign
,Likely benign
rs2040372946,Likely benign
,Likely benign
rs776158574,Likely benign
rs776158574,Likely benign
rs7186192,Benign
rs34427386,Likely benign
rs17232393,Benign
rs33938852,Likely benign
rs17225957,Likely benign
rs35506335,Likely benign
,Likely benign
rs199866285,Likely benign
,Likely benign
rs2143615222,Likely benign
rs2143615230,Likely benign
,Pathogenic
rs2143615250,Pathogenic
rs2040520107,Pathogenic
rs1353992080,Pathogenic
rs34354932,Likely benign
rs34354932,Likely benign
,Likely benign
,Likely benign
,Likely benign
,Likely benign
,Likely benign
rs770552398,Likely benign
,Likely benign
rs17225943,Benign/Likely benign
rs111944585,Likely benign
rs878853666,Pathogenic
,Pathogenic
rs868620166,Pathogenic
rs1184639006,Pathogenic
,Likely pathogenic
,Likely pathogenic
rs1388128874,Likely pathogenic
rs2040523640,Pathogenic
rs181310336,Likely benign
rs772864817,Likely benign
,Likely benign
rs1800286,Benign
,Likely benign
rs2143616238,Likely benign
rs17232309,Benign
rs34010191,Likely benign
rs368328886,Likely benign
,Likely benign
,Likely benign
,Likely benign
,Likely benign
,Likely benign
rs763207362,Likely benign
,Likely benign
,Likely benign
rs2040596341,Likely benign
rs371624767,Likely benign
rs2143631129,Likely benign
rs759877008,Pathogenic/Likely pathogenic
rs759877008,Likely pathogenic
rs1555571116,Pathogenic/Likely pathogenic
rs753211631,Pathogenic
rs753211631,Pathogenic/Likely pathogenic
rs779839381,Likely benign
rs942275917,Likely benign
rs942275917,Likely benign
rs1598177104,Likely benign
rs1354391809,Likely benign
rs1354884515,Pathogenic
rs367717307,Likely benign
rs2040598879,Likely benign
rs771195871,Likely benign
rs2040599267,Pathogenic
,Likely benign
rs775697743,Likely pathogenic
rs761287924,Likely benign
,Pathogenic
,Likely benign
,Likely benign
,Likely benign
rs751215437,Likely benign
rs754839730,Likely benign
rs1162376354,Likely benign
rs781089592,Likely benign
rs2040601073,Pathogenic
,Likely pathogenic
,Pathogenic
rs2143632171,Pathogenic
rs922099383,Likely benign
rs922099383,Likely benign
,Likely benign
rs1226994862,Likely benign
rs1431969235,Likely benign
rs779131886,Likely benign
,Likely benign
rs542064386,Likely benign
rs144917960,Benign/Likely benign
rs147945881,Pathogenic/Likely pathogenic
,Pathogenic
rs2040602804,Pathogenic
rs2143632540,Likely benign
rs2143632553,Likely benign
,Likely benign
rs572176378,Likely benign
,Likely benign
,Likely benign
,Likely benign
,Likely benign
,Likely benign
,Likely benign
rs17225908,Likely benign
rs200753547,Benign
rs7202331,Benign
rs58953926,Likely benign
rs11076627,Benign
rs1800285,Benign
rs2143656568,Likely benign
,Likely benign
,Likely benign
rs757255187,Likely benign
,Likely benign
,Likely benign
rs369548513,Likely benign
rs1555573118,Likely pathogenic
,Likely pathogenic
rs2143656696,Likely pathogenic
rs1567650751,Likely benign
rs755202969,Likely benign
,Likely benign
rs2143656786,Likely benign
rs781718994,Likely benign
rs748517164,Likely benign
rs1384166265,Pathogenic/Likely pathogenic
,Likely benign
rs141861208,Likely benign
rs150448150,Likely benign
rs2143657009,Likely benign
,Likely benign
rs2143657102,Likely benign
rs760287473,Likely benign
rs776471397,Pathogenic
rs1050053060,Likely benign
rs1050053060,Likely benign
rs149159377,Likely benign
rs2143657286,Likely benign
rs758528624,Pathogenic
rs1598184500,Pathogenic
rs766417293,Likely benign
,Likely benign
rs143314367,Likely benign
rs143314367,Likely benign
rs17232246,Benign/Likely benign
rs749811331,Likely benign
,Likely benign
rs902257190,Likely benign
rs2143657669,Likely benign
rs1477653630,Likely pathogenic
rs746518509,Likely pathogenic
,Likely benign
rs2143657783,Likely benign
rs2143657796,Likely benign
rs776200171,Likely benign
,Likely benign
rs2040744991,Likely benign
,Likely benign
,Likely benign
rs773036631,Likely benign
rs142301122,Likely benign
rs7185013,Benign
rs11648309,Benign
rs17225810,Likely benign
,Likely benign
rs2143676888,Likely benign
,Likely benign
rs2143676941,Likely benign
rs764367299,Likely benign
rs764367299,Likely benign
,Likely pathogenic
rs2143677013,Likely pathogenic
rs1365019056,Likely pathogenic
rs1454055874,Likely pathogenic
,Likely benign
rs121907930,Pathogenic
rs372691338,Pathogenic
rs757941026,Likely benign
,Likely benign
,Likely benign
rs951810885,Likely benign
rs2040845636,Likely benign
rs769389376,Likely benign
,Likely benign
rs2143677575,Likely benign
rs1251792942,Pathogenic
rs1419169954,Likely pathogenic
,Pathogenic
,Pathogenic
rs1598190143,Likely benign
rs2040846276,Likely benign
rs774448881,Pathogenic
,Likely benign
rs947111024,Pathogenic
rs2040846687,Likely benign
rs772133367,Likely benign
rs2143677903,Likely benign
,Likely benign
rs539460201,Pathogenic
rs765684774,Likely pathogenic
rs2040847223,Likely pathogenic
rs1295402252,Likely benign
rs750757532,Likely benign
rs750757532,Likely benign
rs1598190255,Likely benign
rs766856688,Likely benign
,Likely benign
,Likely benign
,Likely benign
,Likely benign
rs755584134,Likely benign
rs9282685,Benign
rs2074963,Benign
,Likely benign
rs1598190483,Likely benign
,Likely benign
rs755598667,Likely benign
,Likely benign
,Likely benign
rs1161434880,Likely benign
,Likely benign
,Likely benign
,Likely pathogenic
rs1598190568,Likely pathogenic
rs1598190568,Likely pathogenic
rs1343463467,Pathogenic/Likely pathogenic
rs2040853392,Pathogenic/Likely pathogenic
rs1598190596,Likely benign
rs2040853528,Pathogenic
rs2143679237,Likely benign
,Likely benign
rs574311470,Likely benign
rs2040854292,Likely benign
rs1598190634,Likely benign
rs56190097,Benign/Likely benign
rs1217316233,Likely benign
rs1217316233,Likely benign
,Likely benign
rs1181727153,Likely benign
rs771232511,Likely benign
rs544680245,Likely benign
rs544680245,Likely benign
rs199793463,Likely benign
rs765016775,Likely benign
,Likely benign
,Pathogenic
rs2040857662,Likely pathogenic
,Likely benign
rs780035612,Likely benign
rs968636087,Likely benign
rs2143680257,Likely benign
rs2143680281,Likely benign
,Likely benign
rs777989691,Likely benign
rs777989691,Likely benign
rs774843944,Likely benign
rs2143680634,Likely benign
,Likely benign
,Likely benign
rs775822054,Likely benign
rs2143680806,Likely benign
,Likely benign
rs1288618851,Likely benign
,Likely benign
rs937043976,Likely benign
rs2143680951,Likely benign
rs1284727333,Likely benign
rs1284727333,Likely benign
rs147176389,Likely pathogenic
,Likely benign
rs199552612,Likely benign
,Likely pathogenic
rs1057516430,Pathogenic
rs781216924,Likely pathogenic
,Likely pathogenic
rs2143681344,Likely benign
rs2143681363,Likely benign
rs367672895,Likely benign
rs1318685482,Likely benign
,Likely benign
,Likely benign
rs757531036,Likely benign
,Likely benign
,Likely benign
,Likely benign
,Likely benign
rs17232190,Benign
rs12935638,Likely benign
rs11859183,Benign
rs17232127,Benign
rs17232120,Likely benign
rs1266280397,Likely benign
,Likely benign
,Likely benign
,Likely benign
,Likely benign
rs2143710577,Likely benign
,Likely benign
rs779593295,Likely benign
rs779593295,Likely benign
,Likely benign
rs786204204,Pathogenic
,Pathogenic
,Pathogenic
rs1232171121,Pathogenic/Likely pathogenic
rs1232171121,Pathogenic/Likely pathogenic
rs1183559927,Likely pathogenic
rs1183559927,Pathogenic
rs1322323561,Likely benign
rs746125523,Likely benign
,Likely benign
rs1452688134,Pathogenic/Likely pathogenic
,Likely benign
rs780353222,Likely benign
rs780353222,Likely benign
,Likely benign
rs144151341,Benign/Likely benign
rs2143711235,Likely benign
,Likely benign
rs372180286,Likely benign
,Likely pathogenic
,Likely benign
rs941660593,Likely benign
rs941660593,Pathogenic
rs759150554,Likely benign
rs767193138,Likely benign
rs775320466,Likely benign
rs775320466,Likely benign
,Benign
,Likely benign
rs765277254,Pathogenic
rs765277254,Pathogenic/Likely pathogenic
,Pathogenic
rs183350210,Pathogenic/Likely pathogenic
rs368486303,Likely benign
,Likely benign
rs994179410,Likely benign
rs2143711952,Likely benign
,Likely benign
,Likely benign
rs755351504,Likely benign
rs1800284,Benign
,Likely benign
rs17232098,Benign
,Likely benign
,Likely benign
,Likely benign
,Likely benign
,Likely benign
,Likely benign
,Likely benign
,Likely benign
rs2143723236,Likely benign
rs2041094594,Likely pathogenic
rs891323617,Likely pathogenic
rs891323617,Likely pathogenic
,Pathogenic/Likely pathogenic
rs1447656431,Likely benign
rs1439661268,Likely benign
rs1439661268,Likely benign
rs2143723506,Likely benign
rs368828271,Likely benign
,Likely benign
rs1555580427,Pathogenic/Likely pathogenic
,Likely benign
rs773159223,Pathogenic
,Likely benign
rs76278570,Likely benign
rs1287320584,Likely benign
,Likely benign
rs1322931574,Likely benign
rs1322931574,Likely benign
rs762962148,Likely benign
rs762962148,Likely benign
rs2143723828,Likely benign
rs2041098068,Pathogenic
rs141820040,Likely benign
rs200428379,Likely benign
rs902594434,Likely benign
rs1158456786,Pathogenic
rs1158456786,Pathogenic
,Likely benign
,Likely benign
rs17232091,Benign/Likely benign
,Likely pathogenic
rs747928827,Likely benign
rs772858764,Pathogenic
,Pathogenic
rs1381349863,Likely benign
rs759630319,Likely benign
rs759630319,Likely benign
rs2041101553,Pathogenic
rs532713581,Likely benign
rs2143724622,Likely benign
rs2041102320,Pathogenic/Likely pathogenic
rs751076878,Likely pathogenic
,Likely pathogenic
rs747881254,Likely benign
rs747881254,Likely benign
rs777687671,Likely benign
rs749080227,Likely benign
rs749080227,Likely benign
,Likely benign
rs771005210,Likely benign
,Likely benign
,Likely benign
,Likely benign
,Likely benign
rs111818726,Benign
rs554702040,Likely benign
rs34411624,Benign
,Likely benign
rs78004870,Benign
rs72631431,Benign
,Likely benign
,Likely benign
,Likely benign
rs1214190329,Likely benign
rs2143730538,Likely benign
,Likely benign
,Likely benign
,Likely benign
,Likely benign
,Likely benign
rs2143730627,Likely benign
rs1210341859,Likely benign
rs1483028018,Likely pathogenic
rs1483028018,Likely pathogenic
rs1180368142,Likely benign
rs2041137276,Likely benign
,Likely benign
rs1311396994,Pathogenic
rs746429608,Likely benign
rs746429608,Likely benign
rs2041138210,Pathogenic
rs761341952,Pathogenic/Likely pathogenic
,Likely benign
rs973617998,Likely benign
,Likely benign
rs1321607523,Likely benign
,Likely benign
rs930955916,Likely benign
rs1380627104,Likely benign
rs2143731322,Likely benign
,Likely benign
,Likely benign
rs1486155993,Likely benign
rs751361669,Likely benign
rs1159682058,Likely benign
,Likely benign
rs540584108,Likely benign
rs76275444,Likely benign
rs76275444,Benign
rs115856189,Likely benign
rs115856189,Likely benign
rs115856189,Benign
,Likely benign
rs916719756,Likely benign
rs1800282,Benign
,Likely benign
,Pathogenic
rs2041143697,Pathogenic
rs1009539881,Likely benign
rs1009539881,Likely benign
rs1009539881,Likely benign
rs1484087361,Pathogenic/Likely pathogenic
,Likely benign
rs982258436,Likely benign
rs982258436,Likely benign
rs982258436,Likely benign
rs769479800,Pathogenic
rs769479800,Pathogenic/Likely pathogenic
rs769479800,Pathogenic
rs772751654,Pathogenic/Likely pathogenic
rs772751654,Pathogenic
rs772751654,Pathogenic
rs36233287,Likely benign
rs7186980,Benign
rs7204250,Benign
rs34098327,Likely benign
rs34784792,Likely benign
